team_abbr,airport_code,opponent_team_abbr,opponent_airport_code,est_flight_time,timezone_shift
ATL,ATL,BOS,BED,1.82,0
ATL,ATL,BKN,JFK,1.47,0
ATL,ATL,CHA,CLT,0.5,0
ATL,ATL,CHI,ORD,1.18,-1
ATL,ATL,CLE,CLE,1.08,0
ATL,ATL,DAL,DAL,1.53,-1
ATL,ATL,DEN,DEN,2.32,-2
ATL,ATL,DET,DTW,1.15,0
ATL,ATL,GSW,SFO,4.55,-3
ATL,ATL,HOU,IAH,1.47,-1
ATL,ATL,IND,IND,0.84,-1
ATL,ATL,LAC,LAX,4.14,-3
ATL,ATL,LAL,LAX,4.14,-3
ATL,ATL,MEM,MEM,0.71,-1
ATL,ATL,MIA,MIA,1.16,0
ATL,ATL,MIL,MKE,1.3,-1
ATL,ATL,MIN,MSP,1.76,-1
ATL,ATL,NOP,MSY,0.82,-1
ATL,ATL,NYK,HPN,1.51,0
ATL,ATL,OKC,OKC,1.62,-1
ATL,ATL,ORL,MCO,0.78,0
ATL,ATL,PHI,PHL,1.29,0
ATL,ATL,PHX,PHX,3.38,-2
ATL,ATL,POR,PDX,4.2,-3
ATL,ATL,SAC,SMF,4.05,-3
ATL,ATL,SAS,SAT,1.86,-1
ATL,ATL,TOR,YYZ,1.43,0
ATL,ATL,UTA,SLC,3.08,-2
ATL,ATL,WAS,IAD,1.04,0
BOS,BED,ATL,ATL,1.82,0
BOS,BED,BKN,JFK,0.5,0
BOS,BED,CHA,CLT,1.4,0
BOS,BED,CHI,ORD,1.81,-1
BOS,BED,CLE,CLE,1.17,0
BOS,BED,DAL,DAL,3.28,-1
BOS,BED,DEN,DEN,3.7,-2
BOS,BED,DET,DTW,1.31,0
BOS,BED,GSW,SFO,5.72,-3
BOS,BED,HOU,IAH,3.07,-1
BOS,BED,IND,IND,1.71,-1
BOS,BED,LAC,LAX,5.53,-3
BOS,BED,LAL,LAX,5.53,-3
BOS,BED,MEM,MEM,2.18,-1
BOS,BED,MIA,MIA,2.44,0
BOS,BED,MIL,MKE,1.8,-1
BOS,BED,MIN,MSP,2.36,-1
BOS,BED,NOP,MSY,2.63,-1
BOS,BED,NYK,HPN,0.5,0
BOS,BED,OKC,OKC,3.18,-1
BOS,BED,ORL,MCO,2.17,0
BOS,BED,PHI,PHL,0.53,0
BOS,BED,PHX,PHX,4.86,-2
BOS,BED,POR,PDX,4.88,-3
BOS,BED,SAC,SMF,5.57,-3
BOS,BED,SAS,SAT,3.4,-1
BOS,BED,TOR,YYZ,0.91,0
BOS,BED,UTA,SLC,4.45,-2
BOS,BED,WAS,IAD,0.78,0
BKN,JFK,ATL,ATL,1.47,0
BKN,JFK,BOS,BED,0.5,0
BKN,JFK,CHA,CLT,1.05,0
BKN,JFK,CHI,ORD,1.57,-1
BKN,JFK,CLE,CLE,0.9,0
BKN,JFK,DAL,DAL,2.95,-1
BKN,JFK,DEN,DEN,3.46,-2
BKN,JFK,DET,DTW,1.08,0
BKN,JFK,GSW,SFO,5.5,-3
BKN,JFK,HOU,IAH,2.74,-1
BKN,JFK,IND,IND,1.41,-1
BKN,JFK,LAC,LAX,5.27,-3
BKN,JFK,LAL,LAX,5.27,-3
BKN,JFK,MEM,MEM,2.05,-1
BKN,JFK,MIA,MIA,2.12,0
BKN,JFK,MIL,MKE,1.59,-1
BKN,JFK,MIN,MSP,1.99,-1
BKN,JFK,NOP,MSY,2.29,-1
BKN,JFK,NYK,HPN,0.5,0
BKN,JFK,OKC,OKC,2.86,-1
BKN,JFK,ORL,MCO,1.83,0
BKN,JFK,PHI,PHL,0.5,0
BKN,JFK,PHX,PHX,4.58,-2
BKN,JFK,POR,PDX,4.75,-3
BKN,JFK,SAC,SMF,5.36,-3
BKN,JFK,SAS,SAT,3.07,-1
BKN,JFK,TOR,YYZ,0.71,0
BKN,JFK,UTA,SLC,4.23,-2
BKN,JFK,WAS,IAD,0.5,0
CHA,CLT,ATL,ATL,0.5,0
CHA,CLT,BOS,BED,1.4,0
CHA,CLT,BKN,JFK,1.05,0
CHA,CLT,CHI,ORD,1.16,-1
CHA,CLT,CLE,CLE,0.84,0
CHA,CLT,DAL,DAL,1.97,-1
CHA,CLT,DEN,DEN,2.59,-2
CHA,CLT,DET,DTW,0.97,0
CHA,CLT,GSW,SFO,4.89,-3
CHA,CLT,HOU,IAH,1.94,-1
CHA,CLT,IND,IND,0.83,-1
CHA,CLT,LAC,LAX,4.52,-3
CHA,CLT,LAL,LAX,4.52,-3
CHA,CLT,MEM,MEM,1.09,-1
CHA,CLT,MIA,MIA,1.26,0
CHA,CLT,MIL,MKE,1.26,-1
CHA,CLT,MIN,MSP,1.8,-1
CHA,CLT,NOP,MSY,1.26,-1
CHA,CLT,NYK,HPN,1.09,0
CHA,CLT,OKC,OKC,2.0,-1
CHA,CLT,ORL,MCO,0.91,0
CHA,CLT,PHI,PHL,0.87,0
CHA,CLT,PHX,PHX,3.77,-2
CHA,CLT,POR,PDX,4.41,-3
CHA,CLT,SAC,SMF,4.77,-3
CHA,CLT,SAS,SAT,2.33,-1
CHA,CLT,TOR,YYZ,1.14,0
CHA,CLT,UTA,SLC,3.34,-2
CHA,CLT,WAS,IAD,0.62,0
CHI,ORD,ATL,ATL,1.18,1
CHI,ORD,BOS,BED,1.52,1
CHI,ORD,BKN,JFK,1.32,1
CHI,ORD,CHA,CLT,1.16,1
CHI,ORD,CLE,CLE,0.56,1
CHI,ORD,DAL,DAL,1.55,0
CHI,ORD,DEN,DEN,1.89,-1
CHI,ORD,DET,DTW,0.5,1
CHI,ORD,GSW,SFO,3.93,-2
CHI,ORD,HOU,IAH,1.79,0
CHI,ORD,IND,IND,0.5,0
CHI,ORD,LAC,LAX,3.71,-2
CHI,ORD,LAL,LAX,3.71,-2
CHI,ORD,MEM,MEM,0.95,0
CHI,ORD,MIA,MIA,2.32,1
CHI,ORD,MIL,MKE,0.5,0
CHI,ORD,MIN,MSP,0.65,0
CHI,ORD,NOP,MSY,1.62,0
CHI,ORD,NYK,HPN,1.31,1
CHI,ORD,OKC,OKC,1.34,0
CHI,ORD,ORL,MCO,1.95,1
CHI,ORD,PHI,PHL,1.21,1
CHI,ORD,PHX,PHX,3.07,-1
CHI,ORD,POR,PDX,3.36,-2
CHI,ORD,SAC,SMF,3.79,-2
CHI,ORD,SAS,SAT,2.02,0
CHI,ORD,TOR,YYZ,0.78,1
CHI,ORD,UTA,SLC,2.66,-1
CHI,ORD,WAS,IAD,1.05,1
CLE,CLE,ATL,ATL,1.08,0
CLE,CLE,BOS,BED,0.98,0
CLE,CLE,BKN,JFK,0.76,0
CLE,CLE,CHA,CLT,0.84,0
CLE,CLE,CHI,ORD,0.67,-1
CLE,CLE,DAL,DAL,1.97,-1
CLE,CLE,DEN,DEN,2.56,-2
CLE,CLE,DET,DTW,0.5,0
CLE,CLE,GSW,SFO,4.6,-3
CLE,CLE,HOU,IAH,2.11,-1
CLE,CLE,IND,IND,0.51,-1
CLE,CLE,LAC,LAX,4.37,-3
CLE,CLE,LAL,LAX,4.37,-3
CLE,CLE,MEM,MEM,1.21,-1
CLE,CLE,MIA,MIA,2.1,0
CLE,CLE,MIL,MKE,0.63,-1
CLE,CLE,MIN,MSP,1.2,-1
CLE,CLE,NOP,MSY,1.78,-1
CLE,CLE,NYK,HPN,0.76,0
CLE,CLE,OKC,OKC,1.84,-1
CLE,CLE,ORL,MCO,1.74,0
CLE,CLE,PHI,PHL,0.65,0
CLE,CLE,PHX,PHX,3.7,-2
CLE,CLE,POR,PDX,3.96,-3
CLE,CLE,SAC,SMF,4.46,-3
CLE,CLE,SAS,SAT,2.4,-1
CLE,CLE,TOR,YYZ,0.5,0
CLE,CLE,UTA,SLC,3.33,-2
CLE,CLE,WAS,IAD,0.56,0
DAL,DAL,ATL,ATL,1.28,1
DAL,DAL,BOS,BED,2.99,1
DAL,DAL,BKN,JFK,2.68,1
DAL,DAL,CHA,CLT,1.65,1
DAL,DAL,CHI,ORD,1.55,0
DAL,DAL,CLE,CLE,1.97,1
DAL,DAL,DEN,DEN,1.26,-1
DAL,DAL,DET,DTW,1.9,1
DAL,DAL,GSW,SFO,2.86,-2
DAL,DAL,HOU,IAH,0.5,0
DAL,DAL,IND,IND,1.46,0
DAL,DAL,LAC,LAX,2.65,-2
DAL,DAL,LAL,LAX,2.65,-2
DAL,DAL,MEM,MEM,0.82,0
DAL,DAL,MIA,MIA,2.15,1
DAL,DAL,MIL,MKE,1.65,0
DAL,DAL,MIN,MSP,1.66,0
DAL,DAL,NOP,MSY,0.84,0
DAL,DAL,NYK,HPN,2.7,1
DAL,DAL,OKC,OKC,0.5,0
DAL,DAL,ORL,MCO,1.73,1
DAL,DAL,PHI,PHL,2.51,1
DAL,DAL,PHX,PHX,1.87,-1
DAL,DAL,POR,PDX,3.15,-2
DAL,DAL,SAC,SMF,2.79,-2
DAL,DAL,SAS,SAT,0.5,0
DAL,DAL,TOR,YYZ,2.31,1
DAL,DAL,UTA,SLC,1.94,-1
DAL,DAL,WAS,IAD,2.25,1
DEN,DEN,ATL,ATL,2.14,2
DEN,DEN,BOS,BED,3.09,2
DEN,DEN,BKN,JFK,2.89,2
DEN,DEN,CHA,CLT,2.38,2
DEN,DEN,CHI,ORD,1.58,1
DEN,DEN,CLE,CLE,2.14,2
DEN,DEN,DAL,DAL,1.26,1
DEN,DEN,DET,DTW,2.0,2
DEN,DEN,GSW,SFO,2.06,-1
DEN,DEN,HOU,IAH,1.67,1
DEN,DEN,IND,IND,1.74,1
DEN,DEN,LAC,LAX,1.67,-1
DEN,DEN,LAL,LAX,1.67,-1
DEN,DEN,MEM,MEM,1.55,1
DEN,DEN,MIA,MIA,3.31,2
DEN,DEN,MIL,MKE,1.59,1
DEN,DEN,MIN,MSP,1.32,1
DEN,DEN,NOP,MSY,2.06,1
DEN,DEN,NYK,HPN,2.89,2
DEN,DEN,OKC,OKC,0.96,1
DEN,DEN,ORL,MCO,3.0,2
DEN,DEN,PHI,PHL,2.77,2
DEN,DEN,PHX,PHX,1.17,0
DEN,DEN,POR,PDX,1.92,-1
DEN,DEN,SAC,SMF,1.93,-1
DEN,DEN,SAS,SAT,1.54,1
DEN,DEN,TOR,YYZ,2.34,2
DEN,DEN,UTA,SLC,0.83,0
DEN,DEN,WAS,IAD,2.58,2
DET,DTW,ATL,ATL,1.15,0
DET,DTW,BOS,BED,1.1,0
DET,DTW,BKN,JFK,0.91,0
DET,DTW,CHA,CLT,0.97,0
DET,DTW,CHI,ORD,0.5,-1
DET,DTW,CLE,CLE,0.5,0
DET,DTW,DAL,DAL,1.9,-1
DET,DTW,DEN,DEN,2.39,-2
DET,DTW,GSW,SFO,4.42,-3
DET,DTW,HOU,IAH,2.08,-1
DET,DTW,IND,IND,0.5,-1
DET,DTW,LAC,LAX,4.21,-3
DET,DTW,LAL,LAX,4.21,-3
DET,DTW,MEM,MEM,1.18,-1
DET,DTW,MIA,MIA,2.23,0
DET,DTW,MIL,MKE,0.5,-1
DET,DTW,MIN,MSP,1.02,-1
DET,DTW,NOP,MSY,1.8,-1
DET,DTW,NYK,HPN,0.9,0
DET,DTW,OKC,OKC,1.74,-1
DET,DTW,ORL,MCO,1.86,0
DET,DTW,PHI,PHL,0.81,0
DET,DTW,PHX,PHX,3.56,-2
DET,DTW,POR,PDX,3.78,-3
DET,DTW,SAC,SMF,4.28,-3
DET,DTW,SAS,SAT,2.35,-1
DET,DTW,TOR,YYZ,0.5,0
DET,DTW,UTA,SLC,3.15,-2
DET,DTW,WAS,IAD,0.74,0
GSW,SFO,ATL,ATL,3.81,3
GSW,SFO,BOS,BED,5.2,3
GSW,SFO,BKN,JFK,5.0,3
GSW,SFO,CHA,CLT,4.09,3
GSW,SFO,CHI,ORD,3.57,2
GSW,SFO,CLE,CLE,3.85,3
GSW,SFO,DAL,DAL,2.63,2
GSW,SFO,DEN,DEN,1.72,1
GSW,SFO,DET,DTW,4.02,3
GSW,SFO,HOU,IAH,2.91,2
GSW,SFO,IND,IND,3.46,2
GSW,SFO,LAC,LAX,0.66,0
GSW,SFO,LAL,LAX,0.66,0
GSW,SFO,MEM,MEM,3.22,2
GSW,SFO,MIA,MIA,4.6,3
GSW,SFO,MIL,MKE,3.57,2
GSW,SFO,MIN,MSP,3.07,2
GSW,SFO,NOP,MSY,3.4,2
GSW,SFO,NYK,HPN,5.0,3
GSW,SFO,OKC,OKC,2.46,2
GSW,SFO,ORL,MCO,4.36,3
GSW,SFO,PHI,PHL,4.49,3
GSW,SFO,PHX,PHX,1.26,1
GSW,SFO,POR,PDX,1.07,0
GSW,SFO,SAC,SMF,0.5,0
GSW,SFO,SAS,SAT,2.64,2
GSW,SFO,TOR,YYZ,4.37,3
GSW,SFO,UTA,SLC,1.16,1
GSW,SFO,WAS,IAD,4.3,3
HOU,IAH,ATL,ATL,1.33,1
HOU,IAH,BOS,BED,3.07,1
HOU,IAH,BKN,JFK,2.74,1
HOU,IAH,CHA,CLT,1.77,1
HOU,IAH,CHI,ORD,1.79,0
HOU,IAH,CLE,CLE,2.11,1
HOU,IAH,DAL,DAL,0.5,0
HOU,IAH,DEN,DEN,1.67,-1
HOU,IAH,DET,DTW,2.08,1
HOU,IAH,GSW,SFO,3.17,-2
HOU,IAH,IND,IND,1.64,0
HOU,IAH,LAC,LAX,2.94,-2
HOU,IAH,LAL,LAX,2.94,-2
HOU,IAH,MEM,MEM,0.91,0
HOU,IAH,MIA,MIA,1.72,1
HOU,IAH,MIL,MKE,1.91,0
HOU,IAH,MIN,MSP,2.01,0
HOU,IAH,NOP,MSY,0.54,0
HOU,IAH,NYK,HPN,2.77,1
HOU,IAH,OKC,OKC,0.77,0
HOU,IAH,ORL,MCO,1.52,1
HOU,IAH,PHI,PHL,2.56,1
HOU,IAH,PHX,PHX,2.15,-1
HOU,IAH,POR,PDX,3.53,-2
HOU,IAH,SAC,SMF,3.12,-2
HOU,IAH,SAS,SAT,0.5,0
HOU,IAH,TOR,YYZ,2.48,1
HOU,IAH,UTA,SLC,2.32,-1
HOU,IAH,WAS,IAD,2.3,1
IND,IND,ATL,ATL,0.84,1
IND,IND,BOS,BED,1.43,1
IND,IND,BKN,JFK,1.18,1
IND,IND,CHA,CLT,0.83,1
IND,IND,CHI,ORD,0.5,0
IND,IND,CLE,CLE,0.51,1
IND,IND,DAL,DAL,1.46,0
IND,IND,DEN,DEN,2.08,-1
IND,IND,DET,DTW,0.5,1
IND,IND,GSW,SFO,4.14,-2
IND,IND,HOU,IAH,1.64,0
IND,IND,LAC,LAX,3.86,-2
IND,IND,LAL,LAX,3.86,-2
IND,IND,MEM,MEM,0.74,0
IND,IND,MIA,MIA,1.98,1
IND,IND,MIL,MKE,0.5,0
IND,IND,MIN,MSP,0.97,0
IND,IND,NOP,MSY,1.37,0
IND,IND,NYK,HPN,1.19,1
IND,IND,OKC,OKC,1.33,0
IND,IND,ORL,MCO,1.61,1
IND,IND,PHI,PHL,1.05,1
IND,IND,PHX,PHX,3.17,-1
IND,IND,POR,PDX,3.63,-2
IND,IND,SAC,SMF,4.01,-2
IND,IND,SAS,SAT,1.91,0
IND,IND,TOR,YYZ,0.85,1
IND,IND,UTA,SLC,2.88,-1
IND,IND,WAS,IAD,0.85,1
LAC,LAX,ATL,ATL,3.46,3
LAC,LAX,BOS,BED,5.02,3
LAC,LAX,BKN,JFK,4.79,3
LAC,LAX,CHA,CLT,3.78,3
LAC,LAX,CHI,ORD,3.38,2
LAC,LAX,CLE,CLE,3.97,3
LAC,LAX,DAL,DAL,2.22,2
LAC,LAX,DEN,DEN,1.67,1
LAC,LAX,DET,DTW,3.83,3
LAC,LAX,GSW,SFO,0.66,0
LAC,LAX,HOU,IAH,2.46,2
LAC,LAX,IND,IND,3.51,2
LAC,LAX,LAL,LAX,0.5,0
LAC,LAX,MEM,MEM,2.88,2
LAC,LAX,MIA,MIA,4.17,3
LAC,LAX,MIL,MKE,3.4,2
LAC,LAX,MIN,MSP,2.97,2
LAC,LAX,NOP,MSY,2.97,2
LAC,LAX,NYK,HPN,4.79,3
LAC,LAX,OKC,OKC,2.11,2
LAC,LAX,ORL,MCO,3.95,3
LAC,LAX,PHI,PHL,4.65,3
LAC,LAX,PHX,PHX,0.66,1
LAC,LAX,POR,PDX,1.62,0
LAC,LAX,SAC,SMF,0.72,0
LAC,LAX,SAS,SAT,2.16,2
LAC,LAX,TOR,YYZ,4.21,3
LAC,LAX,UTA,SLC,1.14,1
LAC,LAX,WAS,IAD,4.43,3
LAL,LAX,ATL,ATL,3.46,3
LAL,LAX,BOS,BED,5.02,3
LAL,LAX,BKN,JFK,4.79,3
LAL,LAX,CHA,CLT,3.78,3
LAL,LAX,CHI,ORD,3.38,2
LAL,LAX,CLE,CLE,3.97,3
LAL,LAX,DAL,DAL,2.22,2
LAL,LAX,DEN,DEN,1.67,1
LAL,LAX,DET,DTW,3.83,3
LAL,LAX,GSW,SFO,0.66,0
LAL,LAX,HOU,IAH,2.46,2
LAL,LAX,IND,IND,3.51,2
LAL,LAX,LAC,LAX,0.5,0
LAL,LAX,MEM,MEM,2.88,2
LAL,LAX,MIA,MIA,4.17,3
LAL,LAX,MIL,MKE,3.4,2
LAL,LAX,MIN,MSP,2.97,2
LAL,LAX,NOP,MSY,2.97,2
LAL,LAX,NYK,HPN,4.79,3
LAL,LAX,OKC,OKC,2.11,2
LAL,LAX,ORL,MCO,3.95,3
LAL,LAX,PHI,PHL,4.65,3
LAL,LAX,PHX,PHX,0.66,1
LAL,LAX,POR,PDX,1.62,0
LAL,LAX,SAC,SMF,0.72,0
LAL,LAX,SAS,SAT,2.16,2
LAL,LAX,TOR,YYZ,4.21,3
LAL,LAX,UTA,SLC,1.14,1
LAL,LAX,WAS,IAD,4.43,3
MEM,MEM,ATL,ATL,0.59,1
MEM,MEM,BOS,BED,2.18,1
MEM,MEM,BKN,JFK,1.87,1
MEM,MEM,CHA,CLT,0.91,1
MEM,MEM,CHI,ORD,0.95,0
MEM,MEM,CLE,CLE,1.21,1
MEM,MEM,DAL,DAL,0.9,0
MEM,MEM,DEN,DEN,1.69,-1
MEM,MEM,DET,DTW,1.18,1
MEM,MEM,GSW,SFO,3.85,-2
MEM,MEM,HOU,IAH,0.91,0
MEM,MEM,IND,IND,0.74,0
MEM,MEM,LAC,LAX,3.45,-2
MEM,MEM,LAL,LAX,3.45,-2
MEM,MEM,MIA,MIA,1.67,1
MEM,MEM,MIL,MKE,1.08,0
MEM,MEM,MIN,MSP,1.36,0
MEM,MEM,NOP,MSY,0.68,0
MEM,MEM,NYK,HPN,1.89,1
MEM,MEM,OKC,OKC,0.92,0
MEM,MEM,ORL,MCO,1.33,1
MEM,MEM,PHI,PHL,1.69,1
MEM,MEM,PHX,PHX,2.69,-1
MEM,MEM,POR,PDX,3.59,-2
MEM,MEM,SAC,SMF,3.75,-2
MEM,MEM,SAS,SAT,1.21,0
MEM,MEM,TOR,YYZ,1.57,1
MEM,MEM,UTA,SLC,2.44,-1
MEM,MEM,WAS,IAD,1.44,1
MIA,MIA,ATL,ATL,1.16,0
MIA,MIA,BOS,BED,2.44,0
MIA,MIA,BKN,JFK,2.12,0
MIA,MIA,CHA,CLT,1.26,0
MIA,MIA,CHI,ORD,2.32,-1
MIA,MIA,CLE,CLE,2.1,0
MIA,MIA,DAL,DAL,2.15,-1
MIA,MIA,DEN,DEN,3.31,-2
MIA,MIA,DET,DTW,2.23,0
MIA,MIA,GSW,SFO,5.01,-3
MIA,MIA,HOU,IAH,1.87,-1
MIA,MIA,IND,IND,1.98,-1
MIA,MIA,LAC,LAX,4.53,-3
MIA,MIA,LAL,LAX,4.53,-3
MIA,MIA,MEM,MEM,1.67,-1
MIA,MIA,MIL,MKE,2.44,-1
MIA,MIA,MIN,MSP,2.91,-1
MIA,MIA,NOP,MSY,1.31,-1
MIA,MIA,NYK,HPN,2.17,0
MIA,MIA,OKC,OKC,2.37,-1
MIA,MIA,ORL,MCO,0.5,0
MIA,MIA,PHI,PHL,1.97,0
MIA,MIA,PHX,PHX,3.82,-2
MIA,MIA,POR,PDX,5.23,-3
MIA,MIA,SAC,SMF,4.94,-3
MIA,MIA,SAS,SAT,2.43,-1
MIA,MIA,TOR,YYZ,2.4,0
MIA,MIA,UTA,SLC,4.05,-2
MIA,MIA,WAS,IAD,1.79,0
MIL,MKE,ATL,ATL,1.3,1
MIL,MKE,BOS,BED,1.5,1
MIL,MKE,BKN,JFK,1.33,1
MIL,MKE,CHA,CLT,1.26,1
MIL,MKE,CHI,ORD,0.5,0
MIL,MKE,CLE,CLE,0.58,1
MIL,MKE,DAL,DAL,1.65,0
MIL,MKE,DEN,DEN,1.91,-1
MIL,MKE,DET,DTW,0.5,1
MIL,MKE,GSW,SFO,3.93,-2
MIL,MKE,HOU,IAH,1.91,0
MIL,MKE,IND,IND,0.5,0
MIL,MKE,LAC,LAX,3.74,-2
MIL,MKE,LAL,LAX,3.74,-2
MIL,MKE,MEM,MEM,1.08,0
MIL,MKE,MIA,MIA,2.44,1
MIL,MKE,MIN,MSP,0.58,0
MIL,MKE,NOP,MSY,1.75,0
MIL,MKE,NYK,HPN,1.32,1
MIL,MKE,OKC,OKC,1.43,0
MIL,MKE,ORL,MCO,2.07,1
MIL,MKE,PHI,PHL,1.23,1
MIL,MKE,PHX,PHX,3.11,-1
MIL,MKE,POR,PDX,3.65,-2
MIL,MKE,SAC,SMF,3.78,-2
MIL,MKE,SAS,SAT,2.13,0
MIL,MKE,TOR,YYZ,0.75,1
MIL,MKE,UTA,SLC,2.65,-1
MIL,MKE,WAS,IAD,1.18,1
MIN,MSP,ATL,ATL,1.76,1
MIN,MSP,BOS,BED,1.97,1
MIN,MSP,BKN,JFK,1.83,1
MIN,MSP,CHA,CLT,1.8,1
MIN,MSP,CHI,ORD,0.65,0
MIN,MSP,CLE,CLE,1.11,1
MIN,MSP,DAL,DAL,1.66,0
MIN,MSP,DEN,DEN,1.32,-1
MIN,MSP,DET,DTW,0.94,1
MIN,MSP,GSW,SFO,3.38,-2
MIN,MSP,HOU,IAH,2.01,0
MIN,MSP,IND,IND,0.97,0
MIN,MSP,LAC,LAX,2.97,-2
MIN,MSP,LAL,LAX,2.97,-2
MIN,MSP,MEM,MEM,1.36,0
MIN,MSP,MIA,MIA,2.91,1
MIN,MSP,MIL,MKE,0.58,0
MIN,MSP,NOP,MSY,2.02,0
MIN,MSP,NYK,HPN,1.82,1
MIN,MSP,OKC,OKC,1.35,0
MIN,MSP,ORL,MCO,2.54,1
MIN,MSP,PHI,PHL,1.75,1
MIN,MSP,PHX,PHX,2.47,-1
MIN,MSP,POR,PDX,3.03,-2
MIN,MSP,SAC,SMF,3.23,-2
MIN,MSP,SAS,SAT,2.13,0
MIN,MSP,TOR,YYZ,1.21,1
MIN,MSP,UTA,SLC,2.11,-1
MIN,MSP,WAS,IAD,1.76,1
NOP,MSY,ATL,ATL,0.82,1
NOP,MSY,BOS,BED,2.63,1
NOP,MSY,BKN,JFK,2.29,1
NOP,MSY,CHA,CLT,1.26,1
NOP,MSY,CHI,ORD,1.62,0
NOP,MSY,CLE,CLE,1.78,1
NOP,MSY,DAL,DAL,0.84,0
NOP,MSY,DEN,DEN,2.06,-1
NOP,MSY,DET,DTW,1.8,1
NOP,MSY,GSW,SFO,3.7,-2
NOP,MSY,HOU,IAH,0.65,0
NOP,MSY,IND,IND,1.37,0
NOP,MSY,LAC,LAX,3.56,-2
NOP,MSY,LAL,LAX,3.56,-2
NOP,MSY,MEM,MEM,0.68,0
NOP,MSY,MIA,MIA,1.31,1
NOP,MSY,MIL,MKE,1.75,0
NOP,MSY,MIN,MSP,2.02,0
NOP,MSY,NYK,HPN,2.33,1
NOP,MSY,OKC,OKC,1.1,0
NOP,MSY,ORL,MCO,0.98,1
NOP,MSY,PHI,PHL,2.11,1
NOP,MSY,PHX,PHX,2.77,-1
NOP,MSY,POR,PDX,3.97,-2
NOP,MSY,SAC,SMF,3.64,-2
NOP,MSY,SAS,SAT,1.05,0
NOP,MSY,TOR,YYZ,2.15,1
NOP,MSY,UTA,SLC,2.77,-1
NOP,MSY,WAS,IAD,1.85,1
NYK,HPN,ATL,ATL,1.51,0
NYK,HPN,BOS,BED,0.5,0
NYK,HPN,BKN,JFK,0.5,0
NYK,HPN,CHA,CLT,1.09,0
NYK,HPN,CHI,ORD,1.57,-1
NYK,HPN,CLE,CLE,0.9,0
NYK,HPN,DAL,DAL,2.97,-1
NYK,HPN,DEN,DEN,3.46,-2
NYK,HPN,DET,DTW,1.08,0
NYK,HPN,GSW,SFO,5.5,-3
NYK,HPN,HOU,IAH,2.77,-1
NYK,HPN,IND,IND,1.43,-1
NYK,HPN,LAC,LAX,5.27,-3
NYK,HPN,LAL,LAX,5.27,-3
NYK,HPN,MEM,MEM,2.08,-1
NYK,HPN,MIA,MIA,2.17,0
NYK,HPN,MIL,MKE,1.58,-1
NYK,HPN,MIN,MSP,1.97,-1
NYK,HPN,NOP,MSY,2.33,-1
NYK,HPN,OKC,OKC,2.88,-1
NYK,HPN,ORL,MCO,1.89,0
NYK,HPN,PHI,PHL,0.5,0
NYK,HPN,PHX,PHX,4.59,-2
NYK,HPN,POR,PDX,4.73,-3
NYK,HPN,SAC,SMF,5.36,-3
NYK,HPN,SAS,SAT,3.1,-1
NYK,HPN,TOR,YYZ,0.68,0
NYK,HPN,UTA,SLC,4.23,-2
NYK,HPN,WAS,IAD,0.5,0
OKC,OKC,ATL,ATL,1.35,1
OKC,OKC,BOS,BED,2.89,1
OKC,OKC,BKN,JFK,2.6,1
OKC,OKC,CHA,CLT,1.67,1
OKC,OKC,CHI,ORD,1.34,0
OKC,OKC,CLE,CLE,1.84,1
OKC,OKC,DAL,DAL,0.5,0
OKC,OKC,DEN,DEN,0.96,-1
OKC,OKC,DET,DTW,1.74,1
OKC,OKC,GSW,SFO,2.94,-2
OKC,OKC,HOU,IAH,0.77,0
OKC,OKC,IND,IND,1.33,0
OKC,OKC,LAC,LAX,2.53,-2
OKC,OKC,LAL,LAX,2.53,-2
OKC,OKC,MEM,MEM,0.77,0
OKC,OKC,MIA,MIA,2.37,1
OKC,OKC,MIL,MKE,1.43,0
OKC,OKC,MIN,MSP,1.35,0
OKC,OKC,NOP,MSY,1.1,0
OKC,OKC,NYK,HPN,2.62,1
OKC,OKC,ORL,MCO,2.07,1
OKC,OKC,PHI,PHL,2.44,1
OKC,OKC,PHX,PHX,1.77,-1
OKC,OKC,POR,PDX,2.87,-2
OKC,OKC,SAC,SMF,2.85,-2
OKC,OKC,SAS,SAT,0.79,0
OKC,OKC,TOR,YYZ,2.16,1
OKC,OKC,UTA,SLC,1.68,-1
OKC,OKC,WAS,IAD,2.02,1
ORL,MCO,ATL,ATL,0.78,0
ORL,MCO,BOS,BED,2.17,0
ORL,MCO,BKN,JFK,1.83,0
ORL,MCO,CHA,CLT,0.91,0
ORL,MCO,CHI,ORD,1.95,-1
ORL,MCO,CLE,CLE,1.74,0
ORL,MCO,DAL,DAL,1.88,-1
ORL,MCO,DEN,DEN,3.0,-2
ORL,MCO,DET,DTW,1.86,0
ORL,MCO,GSW,SFO,4.73,-3
ORL,MCO,HOU,IAH,1.82,-1
ORL,MCO,IND,IND,1.61,-1
ORL,MCO,LAC,LAX,4.72,-3
ORL,MCO,LAL,LAX,4.72,-3
ORL,MCO,MEM,MEM,1.33,-1
ORL,MCO,MIA,MIA,0.5,0
ORL,MCO,MIL,MKE,2.07,-1
ORL,MCO,MIN,MSP,2.54,-1
ORL,MCO,NOP,MSY,1.17,-1
ORL,MCO,NYK,HPN,1.89,0
ORL,MCO,OKC,OKC,2.07,-1
ORL,MCO,PHI,PHL,1.67,0
ORL,MCO,PHX,PHX,3.94,-2
ORL,MCO,POR,PDX,4.91,-3
ORL,MCO,SAC,SMF,4.66,-3
ORL,MCO,SAS,SAT,2.22,-1
ORL,MCO,TOR,YYZ,2.05,0
ORL,MCO,UTA,SLC,3.74,-2
ORL,MCO,WAS,IAD,1.47,0
PHI,PHL,ATL,ATL,1.29,0
PHI,PHL,BOS,BED,0.53,0
PHI,PHL,BKN,JFK,0.5,0
PHI,PHL,CHA,CLT,0.87,0
PHI,PHL,CHI,ORD,1.44,-1
PHI,PHL,CLE,CLE,0.77,0
PHI,PHL,DAL,DAL,2.76,-1
PHI,PHL,DEN,DEN,3.31,-2
PHI,PHL,DET,DTW,0.88,0
PHI,PHL,GSW,SFO,5.36,-3
PHI,PHL,HOU,IAH,2.56,-1
PHI,PHL,IND,IND,1.25,-1
PHI,PHL,LAC,LAX,5.11,-3
PHI,PHL,LAL,LAX,5.11,-3
PHI,PHL,MEM,MEM,1.86,-1
PHI,PHL,MIA,MIA,1.97,0
PHI,PHL,MIL,MKE,1.33,-1
PHI,PHL,MIN,MSP,1.9,-1
PHI,PHL,NOP,MSY,2.11,-1
PHI,PHL,NYK,HPN,0.5,0
PHI,PHL,OKC,OKC,2.68,-1
PHI,PHL,ORL,MCO,1.67,0
PHI,PHL,PHX,PHX,4.42,-2
PHI,PHL,POR,PDX,4.65,-3
PHI,PHL,SAC,SMF,5.23,-3
PHI,PHL,SAS,SAT,2.9,-1
PHI,PHL,TOR,YYZ,0.67,0
PHI,PHL,UTA,SLC,4.1,-2
PHI,PHL,WAS,IAD,0.5,0
PHX,PHX,ATL,ATL,2.83,2
PHX,PHX,BOS,BED,4.42,2
PHX,PHX,BKN,JFK,4.17,2
PHX,PHX,CHA,CLT,3.16,2
PHX,PHX,CHI,ORD,2.79,1
PHX,PHX,CLE,CLE,3.36,2
PHX,PHX,DAL,DAL,1.56,1
PHX,PHX,DEN,DEN,1.17,0
PHX,PHX,DET,DTW,3.23,2
PHX,PHX,GSW,SFO,1.26,-1
PHX,PHX,HOU,IAH,1.8,1
PHX,PHX,IND,IND,2.88,1
PHX,PHX,LAC,LAX,0.79,-1
PHX,PHX,LAL,LAX,0.79,-1
PHX,PHX,MEM,MEM,2.25,1
PHX,PHX,MIA,MIA,3.51,2
PHX,PHX,MIL,MKE,2.83,1
PHX,PHX,MIN,MSP,2.47,1
PHX,PHX,NOP,MSY,2.32,1
PHX,PHX,NYK,HPN,4.17,2
PHX,PHX,OKC,OKC,1.48,1
PHX,PHX,ORL,MCO,3.29,2
PHX,PHX,PHI,PHL,4.02,2
PHX,PHX,POR,PDX,1.96,-1
PHX,PHX,SAC,SMF,1.25,-1
PHX,PHX,SAS,SAT,1.5,1
PHX,PHX,TOR,YYZ,3.63,2
PHX,PHX,UTA,SLC,0.99,0
PHX,PHX,WAS,IAD,3.78,2
POR,PDX,ATL,ATL,3.87,3
POR,PDX,BOS,BED,4.49,3
POR,PDX,BKN,JFK,4.37,3
POR,PDX,CHA,CLT,4.06,3
POR,PDX,CHI,ORD,3.09,2
POR,PDX,CLE,CLE,3.64,3
POR,PDX,DAL,DAL,3.15,2
POR,PDX,DEN,DEN,1.77,1
POR,PDX,DET,DTW,3.47,3
POR,PDX,GSW,SFO,1.07,0
POR,PDX,HOU,IAH,3.53,2
POR,PDX,IND,IND,3.34,2
POR,PDX,LAC,LAX,1.62,0
POR,PDX,LAL,LAX,1.62,0
POR,PDX,MEM,MEM,3.3,2
POR,PDX,MIA,MIA,4.81,3
POR,PDX,MIL,MKE,3.06,2
POR,PDX,MIN,MSP,2.54,2
POR,PDX,NOP,MSY,3.97,2
POR,PDX,NYK,HPN,4.35,3
POR,PDX,OKC,OKC,2.64,2
POR,PDX,ORL,MCO,4.51,3
POR,PDX,PHI,PHL,4.28,3
POR,PDX,PHX,PHX,1.96,1
POR,PDX,SAC,SMF,0.93,0
POR,PDX,SAS,SAT,3.32,2
POR,PDX,TOR,YYZ,3.73,3
POR,PDX,UTA,SLC,1.22,1
POR,PDX,WAS,IAD,4.14,3
SAC,SMF,ATL,ATL,3.72,3
SAC,SMF,BOS,BED,5.07,3
SAC,SMF,BKN,JFK,4.49,3
SAC,SMF,CHA,CLT,3.99,3
SAC,SMF,CHI,ORD,3.17,2
SAC,SMF,CLE,CLE,3.73,3
SAC,SMF,DAL,DAL,2.57,2
SAC,SMF,DEN,DEN,1.62,1
SAC,SMF,DET,DTW,3.58,3
SAC,SMF,GSW,SFO,0.5,0
SAC,SMF,HOU,IAH,2.87,2
SAC,SMF,IND,IND,3.35,2
SAC,SMF,LAC,LAX,0.72,0
SAC,SMF,LAL,LAX,0.72,0
SAC,SMF,MEM,MEM,3.13,2
SAC,SMF,MIA,MIA,4.54,3
SAC,SMF,MIL,MKE,3.44,2
SAC,SMF,MIN,MSP,2.94,2
SAC,SMF,NOP,MSY,3.34,2
SAC,SMF,NYK,HPN,4.48,3
SAC,SMF,OKC,OKC,2.39,2
SAC,SMF,ORL,MCO,4.29,3
SAC,SMF,PHI,PHL,4.37,3
SAC,SMF,PHX,PHX,1.25,1
SAC,SMF,POR,PDX,0.93,0
SAC,SMF,SAS,SAT,2.61,2
SAC,SMF,TOR,YYZ,4.24,3
SAC,SMF,UTA,SLC,0.95,1
SAC,SMF,WAS,IAD,4.2,3
SAS,SAT,ATL,ATL,1.69,1
SAS,SAT,BOS,BED,3.4,1
SAS,SAT,BKN,JFK,3.07,1
SAS,SAT,CHA,CLT,2.12,1
SAS,SAT,CHI,ORD,2.02,0
SAS,SAT,CLE,CLE,2.4,1
SAS,SAT,DAL,DAL,0.5,0
SAS,SAT,DEN,DEN,1.54,-1
SAS,SAT,DET,DTW,2.35,1
SAS,SAT,GSW,SFO,2.87,-2
SAS,SAT,HOU,IAH,0.5,0
SAS,SAT,IND,IND,1.91,0
SAS,SAT,LAC,LAX,2.58,-2
SAS,SAT,LAL,LAX,2.58,-2
SAS,SAT,MEM,MEM,1.21,0
SAS,SAT,MIA,MIA,2.04,1
SAS,SAT,MIL,MKE,2.13,0
SAS,SAT,MIN,MSP,2.13,0
SAS,SAT,NOP,MSY,0.88,0
SAS,SAT,NYK,HPN,3.1,1
SAS,SAT,OKC,OKC,0.79,0
SAS,SAT,ORL,MCO,1.85,1
SAS,SAT,PHI,PHL,2.9,1
SAS,SAT,PHX,PHX,1.63,-1
SAS,SAT,POR,PDX,3.32,-2
SAS,SAT,SAC,SMF,2.83,-2
SAS,SAT,TOR,YYZ,2.76,1
SAS,SAT,UTA,SLC,2.11,-1
SAS,SAT,WAS,IAD,2.64,1
TOR,YYZ,ATL,ATL,1.43,0
TOR,YYZ,BOS,BED,0.76,0
TOR,YYZ,BKN,JFK,0.71,0
TOR,YYZ,CHA,CLT,1.14,0
TOR,YYZ,CHI,ORD,0.93,-1
TOR,YYZ,CLE,CLE,0.5,0
TOR,YYZ,DAL,DAL,2.31,-1
TOR,YYZ,DEN,DEN,2.8,-2
TOR,YYZ,DET,DTW,0.5,0
TOR,YYZ,GSW,SFO,4.81,-3
TOR,YYZ,HOU,IAH,2.48,-1
TOR,YYZ,IND,IND,0.85,-1
TOR,YYZ,LAC,LAX,4.63,-3
TOR,YYZ,LAL,LAX,4.63,-3
TOR,YYZ,MEM,MEM,1.57,-1
TOR,YYZ,MIA,MIA,2.4,0
TOR,YYZ,MIL,MKE,0.89,-1
TOR,YYZ,MIN,MSP,1.44,-1
TOR,YYZ,NOP,MSY,2.15,-1
TOR,YYZ,NYK,HPN,0.68,0
TOR,YYZ,OKC,OKC,2.16,-1
TOR,YYZ,ORL,MCO,2.05,0
TOR,YYZ,PHI,PHL,0.67,0
TOR,YYZ,PHX,PHX,3.99,-2
TOR,YYZ,POR,PDX,4.46,-3
TOR,YYZ,SAC,SMF,4.66,-3
TOR,YYZ,SAS,SAT,2.76,-1
TOR,YYZ,UTA,SLC,3.53,-2
TOR,YYZ,WAS,IAD,0.67,0
UTA,SLC,ATL,ATL,2.83,2
UTA,SLC,BOS,BED,3.72,2
UTA,SLC,BKN,JFK,3.54,2
UTA,SLC,CHA,CLT,3.07,2
UTA,SLC,CHI,ORD,2.22,1
UTA,SLC,CLE,CLE,2.79,2
UTA,SLC,DAL,DAL,1.94,1
UTA,SLC,DEN,DEN,0.7,0
UTA,SLC,DET,DTW,2.64,2
UTA,SLC,GSW,SFO,1.28,-1
UTA,SLC,HOU,IAH,2.32,1
UTA,SLC,IND,IND,2.41,1
UTA,SLC,LAC,LAX,1.14,-1
UTA,SLC,LAL,LAX,1.14,-1
UTA,SLC,MEM,MEM,2.25,1
UTA,SLC,MIA,MIA,3.72,2
UTA,SLC,MIL,MKE,2.22,1
UTA,SLC,MIN,MSP,1.92,1
UTA,SLC,NOP,MSY,2.77,1
UTA,SLC,NYK,HPN,3.53,2
UTA,SLC,OKC,OKC,1.68,1
UTA,SLC,ORL,MCO,3.44,2
UTA,SLC,PHI,PHL,3.43,2
UTA,SLC,PHX,PHX,0.99,0
UTA,SLC,POR,PDX,1.22,-1
UTA,SLC,SAC,SMF,1.13,-1
UTA,SLC,SAS,SAT,2.11,1
UTA,SLC,TOR,YYZ,2.95,2
UTA,SLC,WAS,IAD,3.25,2
WAS,IAD,ATL,ATL,1.04,0
WAS,IAD,BOS,BED,0.78,0
WAS,IAD,BKN,JFK,0.5,0
WAS,IAD,CHA,CLT,0.62,0
WAS,IAD,CHI,ORD,1.14,-1
WAS,IAD,CLE,CLE,0.56,0
WAS,IAD,DAL,DAL,2.48,-1
WAS,IAD,DEN,DEN,3.09,-2
WAS,IAD,DET,DTW,0.74,0
WAS,IAD,GSW,SFO,5.15,-3
WAS,IAD,HOU,IAH,2.3,-1
WAS,IAD,IND,IND,1.01,-1
WAS,IAD,LAC,LAX,4.87,-3
WAS,IAD,LAL,LAX,4.87,-3
WAS,IAD,MEM,MEM,1.58,-1
WAS,IAD,MIA,MIA,1.79,0
WAS,IAD,MIL,MKE,1.18,-1
WAS,IAD,MIN,MSP,1.76,-1
WAS,IAD,NOP,MSY,1.85,-1
WAS,IAD,NYK,HPN,0.5,0
WAS,IAD,OKC,OKC,2.42,-1
WAS,IAD,ORL,MCO,1.47,0
WAS,IAD,PHI,PHL,0.5,0
WAS,IAD,PHX,PHX,4.16,-2
WAS,IAD,POR,PDX,4.5,-3
WAS,IAD,SAC,SMF,5.02,-3
WAS,IAD,SAS,SAT,2.64,-1
WAS,IAD,TOR,YYZ,0.67,0
WAS,IAD,UTA,SLC,3.89,-2
